0.000000000000000000e+00,6.829369287102388109e-01
1.001001001001000992e-02,-5.043477433429022216e-01
2.002002002002001985e-02,-5.140394394334785177e-01
3.003003003003002977e-02,-4.875785137000791525e-01
4.004004004004003969e-02,-5.198403263985900136e-01
5.005005005005004615e-02,-4.781584015201605364e-01
6.006006006006005954e-02,-3.521158071160402692e+00
7.007007007007007293e-02,-3.932216439585850321e+00
8.008008008008007939e-02,-4.850181980784030178e-01
9.009009009009008584e-02,-4.733898873648816896e-01
1.001001001001000923e-01,-4.684913901971357597e-01
1.101101101101101126e-01,-4.616715274831191818e-01
1.201201201201201191e-01,-5.231209323499029784e-01
1.301301301301301394e-01,-4.941615375820518907e-01
1.401401401401401459e-01,-4.699371300903136262e-01
1.501501501501501523e-01,-4.397026398747990728e-01
1.601601601601601588e-01,-4.524213476387461408e-01
1.701701701701701652e-01,-4.280839711342666054e-01
1.801801801801801717e-01,-4.746250979882839505e-01
1.901901901901901781e-01,-3.158058601378696650e+00
2.002002002002001846e-01,-4.821598088404677185e-01
2.102102102102102188e-01,-3.362554610548684764e+00
2.202202202202202252e-01,-4.709044020876588799e-01
2.302302302302302317e-01,-4.668988131274813269e-01
2.402402402402402382e-01,-4.601095778621043242e-01
2.502502502502502724e-01,-4.502088035291706980e-01
2.602602602602602788e-01,-4.478424634346685473e-01
2.702702702702702853e-01,-4.354422139636690559e-01
2.802802802802802917e-01,-4.415370831979332777e-01
2.902902902902902982e-01,-4.492443388055607500e-01
3.003003003003003046e-01,-4.508425747720043453e-01
3.103103103103103111e-01,-4.445622202294035596e-01
3.203203203203203175e-01,-4.454299148590879498e-01
3.303303303303303240e-01,-4.246603416012884602e-01
3.403403403403403304e-01,-4.152008541937683983e-01
3.503503503503503369e-01,-4.050630673394485237e-01
3.603603603603603434e-01,-4.445316183435902291e-01
3.703703703703703498e-01,-4.172247288106770147e-01
3.803803803803803563e-01,-2.171825758930119754e+00
3.903903903903903627e-01,-4.152209153850051071e-01
4.004004004004003692e-01,-3.990685907344328487e-01
4.104104104104104311e-01,-4.217524588945956165e-01
4.204204204204204376e-01,-3.953475864550635155e-01
4.304304304304304440e-01,-1.052030822756540474e+00
4.404404404404404505e-01,-4.306555091068094976e-01
4.504504504504504570e-01,-4.136414582180563682e-01
4.604604604604604634e-01,4.091786259430127082e+00
4.704704704704704699e-01,-4.153621872003929183e-01
4.804804804804804763e-01,-4.141303393232640406e-01
4.904904904904904828e-01,-4.229385312593638702e-01
5.005005005005005447e-01,-6.207217388587866758e+00
5.105105105105105512e-01,-3.742684584526360103e-01
5.205205205205205576e-01,-3.832384699625821511e-01
5.305305305305305641e-01,-3.813697784506910327e-01
5.405405405405405705e-01,-3.974940092008894532e-01
5.505505505505505770e-01,-4.026734440825636696e-01
5.605605605605605835e-01,-3.759160850563455503e-01
5.705705705705705899e-01,-3.881539809447299150e-01
5.805805805805805964e-01,1.479611538277298521e+00
5.905905905905906028e-01,-3.656634888526523741e-01
6.006006006006006093e-01,-3.856418367145154069e-01
6.106106106106106157e-01,-3.965004099271532412e-01
6.206206206206206222e-01,-3.596209228608348019e-01
6.306306306306306286e-01,-3.742511142527822909e-01
6.406406406406406351e-01,-3.946679297996424363e-01
6.506506506506506415e-01,-3.942483035545354952e-01
6.606606606606606480e-01,-3.681458030590677444e-01
6.706706706706706544e-01,-3.213707147642693718e-01
6.806806806806806609e-01,-3.740412003031968191e-01
6.906906906906906674e-01,-3.709771587979292518e-01
7.007007007007006738e-01,-3.318441645234472270e-01
7.107107107107106803e-01,-3.615341331417327719e-01
7.207207207207206867e-01,-3.874277812313368097e-01
7.307307307307306932e-01,-3.879853223326917289e-01
7.407407407407406996e-01,-3.300680779656220420e-01
7.507507507507507061e-01,-3.393472459545182063e-01
7.607607607607607125e-01,-3.342258175465892545e-01
7.707707707707707190e-01,-3.499784737198726736e-01
7.807807807807807254e-01,-3.614336101991062478e-01
7.907907907907907319e-01,-7.169560370520776438e+00
8.008008008008007383e-01,-3.403338499552524543e-01
8.108108108108108558e-01,-3.578997756742929859e-01
8.208208208208208623e-01,-3.279846504398244433e-01
8.308308308308308687e-01,-3.624866862830870562e-01
8.408408408408408752e-01,-3.420320710781485918e-01
8.508508508508508816e-01,-3.375402051214383414e-01
8.608608608608608881e-01,-1.151093804319936353e+00
8.708708708708708945e-01,-3.737395171936970240e-01
8.808808808808809010e-01,-3.187582281761142666e-01
8.908908908908909074e-01,-3.409178686957176074e-01
9.009009009009009139e-01,-1.011410225158653731e+01
9.109109109109109204e-01,-3.288200267991751025e-01
9.209209209209209268e-01,-3.308978696115918439e-01
9.309309309309309333e-01,-3.163315579033268432e-01
9.409409409409409397e-01,-2.951855437064764276e-01
9.509509509509509462e-01,-3.256158570764734472e-01
9.609609609609609526e-01,-2.921473388028018037e-01
9.709709709709709591e-01,-2.817314329748329960e-01
9.809809809809809655e-01,-2.888274873534129039e-01
9.909909909909909720e-01,6.096078911856217530e+00
1.001001001001001089e+00,-2.789769745999761130e-01
1.011011011011011096e+00,-2.726317637789237858e-01
1.021021021021021102e+00,-2.689434244890099301e-01
1.031031031031031109e+00,-4.681292405989026406e+00
1.041041041041041115e+00,-3.058185930232200644e-01
1.051051051051051122e+00,-3.405826116633317580e-01
1.061061061061061128e+00,-3.198970538450818801e-01
1.071071071071071135e+00,-3.005137290119535565e-01
1.081081081081081141e+00,-2.972894859389120792e-01
1.091091091091091148e+00,-2.908184147367259831e-01
1.101101101101101154e+00,-3.058865071803917313e-01
1.111111111111111160e+00,-3.158966526708320566e-01
1.121121121121121167e+00,-2.846963985303128108e-01
1.131131131131131173e+00,-2.839921607659163794e-01
1.141141141141141180e+00,5.475380621917941282e-02
1.151151151151151186e+00,-2.912736782627626253e-01
1.161161161161161193e+00,-2.933487338173637604e-01
1.171171171171171199e+00,-2.805920781377094775e-01
1.181181181181181206e+00,-2.879046962635048446e-01
1.191191191191191212e+00,-2.436992050144870525e-01
1.201201201201201219e+00,-2.621958850512442485e-01
1.211211211211211225e+00,-2.845823228019882523e-01
1.221221221221221231e+00,-2.688661021028295184e-01
1.231231231231231238e+00,-2.849850785007767007e-01
1.241241241241241244e+00,-2.392592588291373723e-01
1.251251251251251251e+00,-2.299431876536819630e-01
1.261261261261261257e+00,-2.307122195566843059e-01
1.271271271271271264e+00,-2.767724891616405447e-01
1.281281281281281270e+00,-2.538313951245876332e-01
1.291291291291291277e+00,-2.581659279162838994e-01
1.301301301301301283e+00,-2.370237540656628117e-01
1.311311311311311290e+00,-2.665527567535973530e-01
1.321321321321321296e+00,-2.580439824268765392e-01
1.331331331331331302e+00,-2.509231209615242486e-01
1.341341341341341309e+00,-2.377266874867168256e-01
1.351351351351351315e+00,-2.250446044520997835e-01
1.361361361361361322e+00,-2.436375001338857982e-01
1.371371371371371328e+00,-2.219204590047373638e-01
1.381381381381381335e+00,-2.168960948450665560e-01
1.391391391391391341e+00,-2.357408360764791933e-01
1.401401401401401348e+00,-2.545296519141400093e-01
1.411411411411411354e+00,-2.511813031153332099e-01
1.421421421421421361e+00,-2.140650139625826509e-01
1.431431431431431367e+00,-2.335671498419358560e-01
1.441441441441441373e+00,4.896132326739303098e-01
1.451451451451451380e+00,-2.080729835770248615e-01
1.461461461461461386e+00,-2.158872040927178326e-01
1.471471471471471393e+00,-2.447449530564040354e-01
1.481481481481481399e+00,-1.911855828123794065e-01
1.491491491491491406e+00,-1.961906884799688999e-01
1.501501501501501412e+00,-2.082989844834809978e-01
1.511511511511511419e+00,-2.347118143700802628e-01
1.521521521521521425e+00,-2.354246321244485018e-01
1.531531531531531432e+00,-2.116730433302821401e-01
1.541541541541541438e+00,-2.379646919214647161e-01
1.551551551551551444e+00,-1.937405483538242046e-01
1.561561561561561451e+00,-2.282154496667990473e-01
1.571571571571571457e+00,-1.948586190397931239e-01
1.581581581581581464e+00,-2.020784543033452840e-01
1.591591591591591470e+00,-1.802401336680538313e-01
1.601601601601601477e+00,-9.820914044032079460e+00
1.611611611611611705e+00,-1.853244671338716287e-01
1.621621621621621712e+00,-2.168590648364059070e-01
1.631631631631631718e+00,-1.712155400412509187e-01
1.641641641641641725e+00,-1.875911025238219676e-01
1.651651651651651731e+00,-1.735412567532503836e-01
1.661661661661661737e+00,-2.080362476088269685e-01
1.671671671671671744e+00,-1.698125941015441731e-01
1.681681681681681750e+00,-1.718398198370292285e-01
1.691691691691691757e+00,-1.688606080695947420e-01
1.701701701701701763e+00,-1.680536356490189287e-01
1.711711711711711770e+00,-1.763484131920828868e-01
1.721721721721721776e+00,-1.458270442201557437e-01
1.731731731731731783e+00,-1.719459547217127293e-01
1.741741741741741789e+00,-1.817874195151820971e-01
1.751751751751751796e+00,-1.663556748328944290e-01
1.761761761761761802e+00,-1.823697011306984750e-01
1.771771771771771808e+00,-1.708185385886371310e-01
1.781781781781781815e+00,-1.632638878405379412e-01
1.791791791791791821e+00,-1.654914616743308475e-01
1.801801801801801828e+00,-1.520949407601373815e-01
1.811811811811811834e+00,-8.719395544514638274e+00
1.821821821821821841e+00,-1.410321324245401853e-01
1.831831831831831847e+00,-1.291908620706505584e-01
1.841841841841841854e+00,-1.588978922580323305e-01
1.851851851851851860e+00,-1.587519413586631067e-01
1.861861861861861867e+00,-1.527641730771011341e-01
1.871871871871871873e+00,-1.263329121113042075e-01
1.881881881881881879e+00,-1.845442318042890828e-01
1.891891891891891886e+00,-1.604374130976457535e-01
1.901901901901901892e+00,-1.359207440848675397e-01
1.911911911911911899e+00,-1.406437407833777686e-01
1.921921921921921905e+00,-9.500282212872607213e-02
1.931931931931931912e+00,-1.236003646179881649e-01
1.941941941941941918e+00,-1.439955627241970293e-01
1.951951951951951925e+00,-1.605026728371367062e-01
1.961961961961961931e+00,-1.339616234072293910e-01
1.971971971971971938e+00,-1.514158101756859220e-01
1.981981981981981944e+00,-1.142184768458996413e-01
1.991991991991991950e+00,-1.185345412118923164e-01
2.002002002002002179e+00,-1.135603042442562410e-01
2.012012012012012185e+00,-7.658278320796274574e-02
2.022022022022022192e+00,6.263273311932256782e+00
2.032032032032032198e+00,-1.184284469302456233e-01
2.042042042042042205e+00,-1.370393522637933237e-01
2.052052052052052211e+00,-6.676621288773476159e+00
2.062062062062062218e+00,-7.734422208688615519e-02
2.072072072072072224e+00,-9.604723083155281005e-02
2.082082082082082231e+00,-1.079245093872082673e-01
2.092092092092092237e+00,-9.881635941386888999e-02
2.102102102102102243e+00,-1.262813803221745912e-01
2.112112112112112250e+00,-1.081553532380528232e-01
2.122122122122122256e+00,-9.679314823589738048e-02
2.132132132132132263e+00,-9.472839101782316862e-02
2.142142142142142269e+00,-1.255488979902942837e-01
2.152152152152152276e+00,-8.660496422250280046e-02
2.162162162162162282e+00,-8.579546605006800608e-02
2.172172172172172289e+00,-9.714350254578665855e-02
2.182182182182182295e+00,-8.774317642885239021e-02
2.192192192192192302e+00,-1.157218219864126069e-01
2.202202202202202308e+00,-1.138743353054742641e-01
2.212212212212212314e+00,-7.981222846136686033e-02
2.222222222222222321e+00,-9.408910792745295293e-02
2.232232232232232327e+00,-7.919554567393093103e-02
2.242242242242242334e+00,-6.040553481500794686e-02
2.252252252252252340e+00,-7.890598276808008515e-02
2.262262262262262347e+00,-1.298739051498009611e-01
2.272272272272272353e+00,-7.490790178223841189e-02
2.282282282282282360e+00,-7.975112059922791208e-02
2.292292292292292366e+00,-7.306066564863444857e-02
2.302302302302302373e+00,-4.860982908007410730e-02
2.312312312312312379e+00,-9.641384529217436605e-02
2.322322322322322385e+00,-5.820403592039369300e-02
2.332332332332332392e+00,-2.991814868454042292e-02
2.342342342342342398e+00,-7.208528056583145271e-02
2.352352352352352405e+00,-4.836318583122481418e-02
2.362362362362362411e+00,-3.672808833889446012e-02
2.372372372372372418e+00,-5.009517170946607006e-02
2.382382382382382424e+00,-6.624847402091273152e-02
2.392392392392392431e+00,-6.498482704537067445e-02
2.402402402402402437e+00,-3.416741581635831387e-02
2.412412412412412444e+00,-3.545058993426138810e-02
2.422422422422422450e+00,-6.127423486631860400e-02
2.432432432432432456e+00,-6.732676758774215620e-02
2.442442442442442463e+00,1.635575369682044311e+00
2.452452452452452469e+00,-7.072577189452811108e-03
2.462462462462462476e+00,-3.992039114975268199e-02
2.472472472472472482e+00,1.038606081811665333e-02
2.482482482482482489e+00,-2.396576999870891206e-02
2.492492492492492495e+00,-2.454555697353495713e-02
2.502502502502502502e+00,-2.547102643670458300e-02
2.512512512512512508e+00,-9.875104576367015746e-03
2.522522522522522515e+00,-4.744214447083189290e-02
2.532532532532532521e+00,1.681544718365670515e-02
2.542542542542542527e+00,-2.665593949083338091e-02
2.552552552552552534e+00,-3.698415520000232493e-02
2.562562562562562540e+00,-1.513233991713648294e-02
2.572572572572572547e+00,2.394651030425166971e-03
2.582582582582582553e+00,-3.787295168980069765e-02
2.592592592592592560e+00,-4.655356806890918048e-03
2.602602602602602566e+00,-2.859368113240924603e-02
2.612612612612612573e+00,-5.409644730956968850e+00
2.622622622622622579e+00,-2.060204974310315962e-02
2.632632632632632586e+00,6.182875783712965187e-03
2.642642642642642592e+00,-2.954612903458730608e-02
2.652652652652652598e+00,-1.790242995264986793e-03
2.662662662662662605e+00,-1.078998449412103475e-02
2.672672672672672611e+00,-1.914606528691641801e-02
2.682682682682682618e+00,-2.475374208120653327e-02
2.692692692692692624e+00,-2.282361988705123787e-02
2.702702702702702631e+00,-2.972553348661272077e-02
2.712712712712712637e+00,2.258879333960413585e-02
2.722722722722722644e+00,1.546269841564841541e-03
2.732732732732732650e+00,1.126507504805314940e-02
2.742742742742742657e+00,3.336734549862309385e-02
2.752752752752752663e+00,-1.288844607571766263e-02
2.762762762762762669e+00,-5.607861820702966099e-03
2.772772772772772676e+00,2.002533148325790630e-02
2.782782782782782682e+00,-1.984378811990342162e-02
2.792792792792792689e+00,6.769226605297518420e-03
2.802802802802802695e+00,-1.008948358617136876e+01
2.812812812812812702e+00,3.126880089780201821e+00
2.822822822822822708e+00,1.493671855010563106e-02
2.832832832832832715e+00,6.531684902349266242e-02
2.842842842842842721e+00,4.561132344812592054e-02
2.852852852852852727e+00,1.148716253797351511e-02
2.862862862862862734e+00,2.250290196596557366e-02
2.872872872872872740e+00,2.499351984740227905e-02
2.882882882882882747e+00,9.977153599680206597e-02
2.892892892892892753e+00,5.129693176645078179e-03
2.902902902902902760e+00,4.109691384830157362e-02
2.912912912912912766e+00,-2.971293735808046288e-03
2.922922922922922773e+00,-8.961930659774676400e+00
2.932932932932932779e+00,8.029399890887967128e-02
2.942942942942942786e+00,3.561468579083995611e-02
2.952952952952952792e+00,6.756127932571599770e-02
2.962962962962962798e+00,4.583307114822537248e-02
2.972972972972972805e+00,4.038937297676907512e-02
2.982982982982982811e+00,4.548897722640486002e-02
2.992992992992992818e+00,4.046559260612819786e-02
3.003003003003002824e+00,4.136280375012213462e-02
3.013013013013012831e+00,2.895918575004901435e-02
3.023023023023022837e+00,8.737697306639416461e-02
3.033033033033032844e+00,5.105609329164555177e-02
3.043043043043042850e+00,-3.443491229376446139e+00
3.053053053053052857e+00,4.473663847055557585e-02
3.063063063063062863e+00,8.628007532928308465e-02
3.073073073073072869e+00,6.014090959348151327e-02
3.083083083083082876e+00,-8.931515413215544541e+00
3.093093093093092882e+00,3.237232566093689590e-02
3.103103103103102889e+00,7.853945182554672444e-02
3.113113113113112895e+00,1.085168773667815612e-01
3.123123123123122902e+00,5.657081215334745783e-02
3.133133133133132908e+00,6.645214483641603831e-02
3.143143143143142915e+00,5.451337471142145286e-02
3.153153153153152921e+00,8.152498374308712881e-02
3.163163163163162928e+00,8.188286950062211023e-02
3.173173173173172934e+00,9.636341023775649162e-02
3.183183183183182940e+00,9.494941766515044290e-02
3.193193193193192947e+00,6.932653865245709535e-02
3.203203203203202953e+00,9.173148619533526282e-02
3.213213213213213404e+00,8.232091996856893967e-02
3.223223223223223410e+00,6.871944915097753792e-02
3.233233233233233417e+00,8.965490599188759291e-02
3.243243243243243423e+00,1.698758891060371812e-01
3.253253253253253430e+00,1.417955038862692141e-01
3.263263263263263436e+00,9.993677304101301895e-02
3.273273273273273443e+00,1.335642770367739540e-01
3.283283283283283449e+00,9.952509772243668673e-02
3.293293293293293456e+00,1.010143691049365938e-01
3.303303303303303462e+00,6.472880820605295127e-02
3.313313313313313468e+00,7.690938174746927425e-01
3.323323323323323475e+00,9.133267998152772016e-02
3.333333333333333481e+00,1.107923559419506654e-01
3.343343343343343488e+00,1.105597068490056650e-01
3.353353353353353494e+00,1.003379391557351341e-01
3.363363363363363501e+00,1.017760198011834621e-01
3.373373373373373507e+00,1.118634446476670097e-01
3.383383383383383514e+00,8.919122225214697053e-02
3.393393393393393520e+00,1.061983546758926006e-01
3.403403403403403527e+00,1.124557201847583288e-01
3.413413413413413533e+00,9.673165006118156217e-02
3.423423423423423539e+00,1.167336998021635541e-01
3.433433433433433546e+00,1.082688594989067166e-01
3.443443443443443552e+00,-1.187907531971217878e+01
3.453453453453453559e+00,1.233381588958920028e-01
3.463463463463463565e+00,1.260460051248352975e-01
3.473473473473473572e+00,1.400188738077285111e-01
3.483483483483483578e+00,1.442177790376202584e-01
3.493493493493493585e+00,9.997238382979484195e-02
3.503503503503503591e+00,1.287790494506132755e-01
3.513513513513513598e+00,1.197502996423366189e-01
3.523523523523523604e+00,1.366424569466306305e-01
3.533533533533533610e+00,1.304328265041695134e-01
3.543543543543543617e+00,1.459131790187081779e-01
3.553553553553553623e+00,1.247736137158604597e-01
3.563563563563563630e+00,1.346371569859749484e-01
3.573573573573573636e+00,1.357777042376878684e-01
3.583583583583583643e+00,1.708598117177280440e-01
3.593593593593593649e+00,-6.257473862127267417e+00
3.603603603603603656e+00,1.597959976252873449e-01
3.613613613613613662e+00,1.482950068702418023e-01
3.623623623623623669e+00,1.479288484294185302e-01
3.633633633633633675e+00,1.684437784559102147e-01
3.643643643643643681e+00,1.743715950593441588e-01
3.653653653653653688e+00,1.607237265246029001e-01
3.663663663663663694e+00,1.848503011245362093e-01
3.673673673673673701e+00,1.890956693813014011e-01
3.683683683683683707e+00,1.319125081059439597e-01
3.693693693693693714e+00,1.754066183277750435e-01
3.703703703703703720e+00,1.675382437004595548e-01
3.713713713713713727e+00,1.777459683068735585e-01
3.723723723723723733e+00,1.938882986788027785e-01
3.733733733733733740e+00,5.202630035103696926e+00
3.743743743743743746e+00,1.423364300857054565e-01
3.753753753753753752e+00,1.984503059211482623e-01
3.763763763763763759e+00,3.706799543604847091e+00
3.773773773773773765e+00,1.657671904656580764e-01
3.783783783783783772e+00,1.851645349383779504e-01
3.793793793793793778e+00,1.689292706725359361e-01
3.803803803803803785e+00,1.523849364310158327e-01
3.813813813813813791e+00,2.319945563916789855e+00
3.823823823823823798e+00,1.717510879281414771e-01
3.833833833833833804e+00,2.009117652010032340e-01
3.843843843843843811e+00,1.804054675894963822e-01
3.853853853853853817e+00,-1.058757335728442150e+01
3.863863863863863823e+00,1.894677762600198989e-01
3.873873873873873830e+00,2.162792101318596061e-01
3.883883883883883836e+00,2.149612128903121144e-01
3.893893893893893843e+00,1.765042335129879958e-01
3.903903903903903849e+00,2.559271694184185875e-01
3.913913913913913856e+00,1.949803807122541532e-01
3.923923923923923862e+00,1.800091130028995401e-01
3.933933933933933869e+00,2.223822154853245803e-01
3.943943943943943875e+00,1.989429004720911498e-01
3.953953953953953881e+00,2.508081376469962209e-01
3.963963963963963888e+00,2.262379345058609659e-01
3.973973973973973894e+00,2.068700105050718663e-01
3.983983983983983901e+00,2.439038032390659638e-01
3.993993993993993907e+00,2.309318444695120376e-01
4.004004004004004358e+00,1.909221252391231638e-01
4.014014014014014364e+00,2.348170127637333182e-01
4.024024024024024371e+00,2.082670936544183948e-01
4.034034034034034377e+00,2.184766373012659024e-01
4.044044044044044384e+00,2.243091791553228076e-01
4.054054054054054390e+00,2.056497017978185238e-01
4.064064064064064397e+00,-2.074283206287358627e+00
4.074074074074074403e+00,8.940831892070246756e-01
4.084084084084084409e+00,2.000891564126762723e-01
4.094094094094094416e+00,1.778877050103902513e-01
4.104104104104104422e+00,2.142061715303230363e-01
4.114114114114114429e+00,2.390852510582874568e-01
4.124124124124124435e+00,2.285994899283786685e-01
4.134134134134134442e+00,2.608720303608079716e-01
4.144144144144144448e+00,2.407353673950989592e-01
4.154154154154154455e+00,2.232635753822532210e-01
4.164164164164164461e+00,2.313261513454273333e-01
4.174174174174174468e+00,2.129136301001510745e-01
4.184184184184184474e+00,2.648856156996491906e-01
4.194194194194194480e+00,2.170714603813093391e-01
4.204204204204204487e+00,2.278076753186080161e-01
4.214214214214214493e+00,2.445310423493579910e-01
4.224224224224224500e+00,2.493033417571026422e-01
4.234234234234234506e+00,2.207213477875515917e-01
4.244244244244244513e+00,2.341802845887916429e-01
4.254254254254254519e+00,2.591070227774237011e-01
4.264264264264264526e+00,2.779144509102836058e-01
4.274274274274274532e+00,-5.207847468695338655e+00
4.284284284284284539e+00,2.578270145615120801e-01
4.294294294294294545e+00,1.711408103358400545e+00
4.304304304304304551e+00,2.490138152885446043e-01
4.314314314314314558e+00,2.732971029795314699e-01
4.324324324324324564e+00,2.859912578665537719e-01
4.334334334334334571e+00,2.836634972516227648e-01
4.344344344344344577e+00,2.701396128150826415e-01
4.354354354354354584e+00,2.929709342262542537e-01
4.364364364364364590e+00,3.280074261591339191e-01
4.374374374374374597e+00,2.599988005274861402e-01
4.384384384384384603e+00,2.581100877006240468e-01
4.394394394394394610e+00,-2.286631682984941349e+00
4.404404404404404616e+00,2.810700287207982262e-01
4.414414414414414622e+00,2.800988575835154926e-01
4.424424424424424629e+00,2.871906853405326587e-01
4.434434434434434635e+00,2.677424908988330632e-01
4.444444444444444642e+00,2.616238626329870920e-01
4.454454454454454648e+00,2.682628884354473220e-01
4.464464464464464655e+00,3.102093548922407740e-01
4.474474474474474661e+00,2.580407262749529473e-01
4.484484484484484668e+00,2.982282588266628176e-01
4.494494494494494674e+00,2.785815574336381606e-01
4.504504504504504681e+00,2.841466217942747452e-01
4.514514514514514687e+00,3.075501420829061527e-01
4.524524524524524693e+00,3.110465716767086830e-01
4.534534534534534700e+00,3.025005007264637280e-01
4.544544544544544706e+00,2.596512568014320843e-01
4.554554554554554713e+00,3.300041256364195652e-01
4.564564564564564719e+00,3.262584423652220011e-01
4.574574574574574726e+00,3.033514261923892508e-01
4.584584584584584732e+00,3.031945181241117449e-01
4.594594594594594739e+00,3.404835107578991771e-01
4.604604604604604745e+00,3.248626671465337790e-01
4.614614614614614752e+00,3.067944369044696140e-01
4.624624624624624758e+00,3.029941806151359440e-01
4.634634634634634764e+00,3.064293247449283442e-01
4.644644644644644771e+00,3.353023023339788411e-01
4.654654654654654777e+00,3.340135704352315549e-01
4.664664664664664784e+00,2.823998249818183703e-01
4.674674674674674790e+00,3.254141583920870384e-01
4.684684684684684797e+00,3.348552347293845544e-01
4.694694694694694803e+00,-2.879082930483911174e+00
4.704704704704704810e+00,3.204119168826723429e-01
4.714714714714714816e+00,2.863772413859932420e-01
4.724724724724724823e+00,3.259533352776221582e-01
4.734734734734734829e+00,2.831426147367168134e-01
4.744744744744744835e+00,3.126146794108143889e-01
4.754754754754754842e+00,3.154690133169688604e-01
4.764764764764764848e+00,3.149525312510867425e-01
4.774774774774774855e+00,3.595977360741135498e-01
4.784784784784784861e+00,3.427134849473321698e-01
4.794794794794794868e+00,-2.159001466543492231e+00
4.804804804804804874e+00,3.162092523726735549e-01
4.814814814814814881e+00,3.315267160568889371e-01
4.824824824824824887e+00,3.171498567346102138e-01
4.834834834834834894e+00,3.586220280734900290e-01
4.844844844844844900e+00,3.805224957691622500e-01
4.854854854854854906e+00,3.630763549752620833e-01
4.864864864864864913e+00,-3.347855553600368239e+00
4.874874874874874919e+00,3.415454351371715602e-01
4.884884884884884926e+00,3.381763528434976740e-01
4.894894894894894932e+00,3.826030620752559619e-01
4.904904904904904939e+00,-4.772042113445966294e+00
4.914914914914914945e+00,3.817523887925989290e-01
4.924924924924924952e+00,3.293137831358204370e-01
4.934934934934934958e+00,3.474324999231575561e-01
4.944944944944944965e+00,3.204869785314832242e-01
4.954954954954954971e+00,3.593621817468222179e-01
4.964964964964964977e+00,3.323107401995520349e-01
4.974974974974974984e+00,3.922924808782290995e-01
4.984984984984984990e+00,3.686415410787537428e-01
4.994994994994994997e+00,3.725470338863725583e-01
5.005005005005005003e+00,3.688540692332324955e-01
5.015015015015015010e+00,3.782218982652864714e+00
5.025025025025025016e+00,3.684808529665285493e-01
5.035035035035035023e+00,4.041366818011345452e-01
5.045045045045045029e+00,3.689611357358573152e-01
5.055055055055055035e+00,3.498430682687183046e-01
5.065065065065065042e+00,-1.190137108598824378e+00
5.075075075075075048e+00,3.586987106748744658e-01
5.085085085085085055e+00,3.391091707508374631e-01
5.095095095095095061e+00,3.923509704608201809e-01
5.105105105105105068e+00,3.927492164907126493e-01
5.115115115115115074e+00,3.609958539631355490e-01
5.125125125125125081e+00,3.921711048105674391e-01
5.135135135135135087e+00,-3.334940992535271320e+00
5.145145145145145094e+00,3.817382657674055491e-01
5.155155155155155100e+00,3.914667421577451289e-01
5.165165165165165106e+00,-6.295222970379589000e+00
5.175175175175175113e+00,3.951409317344399819e-01
5.185185185185185119e+00,3.544344527099517195e-01
5.195195195195195126e+00,3.918690138736188322e-01
5.205205205205205132e+00,3.901893229985122780e-01
5.215215215215215139e+00,3.513276964879642472e-01
5.225225225225225145e+00,-3.526306778482072968e+00
5.235235235235235152e+00,3.577945078979682947e-01
5.245245245245245158e+00,4.046333366886120664e-01
5.255255255255255165e+00,4.001869489188539797e-01
5.265265265265265171e+00,4.045457981401555103e-01
5.275275275275275177e+00,5.754861116116527953e+00
5.285285285285285184e+00,4.245588946375273842e-01
5.295295295295295190e+00,-6.161515272207172877e+00
5.305305305305305197e+00,3.891462344742990798e-01
5.315315315315315203e+00,4.293572220548180218e-01
5.325325325325325210e+00,4.021664085176834824e-01
5.335335335335335216e+00,3.730079119158286050e-01
5.345345345345345223e+00,3.772235864646421577e-01
5.355355355355355229e+00,4.258957318142301829e-01
5.365365365365365236e+00,-2.885665344087344764e+00
5.375375375375375242e+00,4.315282438502950346e-01
5.385385385385385248e+00,4.134749798549504640e-01
5.395395395395395255e+00,4.219328581905682496e-01
5.405405405405405261e+00,4.603852647069162640e-01
5.415415415415415268e+00,4.471853092741229219e-01
5.425425425425425274e+00,4.119236661688871481e-01
5.435435435435435281e+00,4.294097601905539352e-01
5.445445445445445287e+00,4.331277562344766907e-01
5.455455455455455294e+00,4.397934173020046078e-01
5.465465465465465300e+00,4.273107989126961326e-01
5.475475475475475307e+00,4.173432943049994459e-01
5.485485485485485313e+00,4.284630604915274366e-01
5.495495495495495319e+00,-7.729136512424229721e+00
5.505505505505505326e+00,4.648408539909732462e-01
5.515515515515515332e+00,4.573044338599119296e-01
5.525525525525525339e+00,4.297322758549695365e-01
5.535535535535535345e+00,4.436833523702937154e-01
5.545545545545545352e+00,-3.323092721985159592e+00
5.555555555555555358e+00,4.616029723916703076e-01
5.565565565565565365e+00,4.600234662529671947e-01
5.575575575575575371e+00,4.517240319261808246e-01
5.585585585585585378e+00,-3.627663093670385752e+00
5.595595595595595384e+00,4.561698986802050215e-01
5.605605605605605390e+00,4.677404221173128152e-01
5.615615615615615397e+00,4.561807573679971251e-01
5.625625625625625403e+00,4.498933249812744339e-01
5.635635635635635410e+00,4.366062233558664074e-01
5.645645645645645416e+00,4.180093767273244110e-01
5.655655655655655423e+00,4.501793110212137794e-01
5.665665665665665429e+00,4.372052839017829817e-01
5.675675675675675436e+00,4.545149179065984812e-01
5.685685685685685442e+00,4.774110703777570963e-01
5.695695695695695449e+00,-3.253438716187885937e+00
5.705705705705705455e+00,4.488690581673352997e-01
5.715715715715715461e+00,4.413877379769438059e-01
5.725725725725725468e+00,4.311270375707070279e-01
5.735735735735735474e+00,4.876634892775041918e-01
5.745745745745745481e+00,4.267494098900788124e-01
5.755755755755755487e+00,4.448616215256532280e-01
5.765765765765765494e+00,4.185654964725872285e-01
5.775775775775775500e+00,4.597771552689546293e-01
5.785785785785785507e+00,4.605229429890272952e-01
5.795795795795795513e+00,4.605495861516932243e-01
5.805805805805805520e+00,-8.593332772917479545e+00
5.815815815815815526e+00,4.547384216187182471e-01
5.825825825825825532e+00,4.541520128697172365e-01
5.835835835835835539e+00,-7.883041909683070614e+00
5.845845845845845545e+00,4.682612144471448024e-01
5.855855855855855552e+00,4.943515854566057355e-01
5.865865865865865558e+00,4.607171050108733734e-01
5.875875875875875565e+00,5.109593812065724716e-01
5.885885885885885571e+00,5.102389030941300030e-01
5.895895895895895578e+00,4.858242501643006417e-01
5.905905905905905584e+00,4.604600227539562551e-01
5.915915915915915591e+00,-9.728354082560644045e+00
5.925925925925925597e+00,-5.850776138381012181e+00
5.935935935935935603e+00,4.909724110262046470e-01
5.945945945945945610e+00,4.678549182457922839e-01
5.955955955955955616e+00,4.581968734660544773e-01
5.965965965965965623e+00,-8.045192346125050520e+00
5.975975975975975629e+00,4.909205730211351759e-01
5.985985985985985636e+00,4.923998715799677850e-01
5.995995995995995642e+00,5.141244908177673434e-01
6.006006006006005649e+00,4.653135111003641744e-01
6.016016016016015655e+00,5.162569671329282350e-01
6.026026026026025662e+00,4.824030417029850359e-01
6.036036036036035668e+00,4.905857756156905003e-01
6.046046046046045674e+00,4.831953759326303444e-01
6.056056056056055681e+00,5.027222255465924050e-01
6.066066066066065687e+00,-3.747809767166234263e+00
6.076076076076075694e+00,4.920001894921686159e-01
6.086086086086085700e+00,4.942599774672304380e-01
6.096096096096095707e+00,5.310650241405565630e-01
6.106106106106105713e+00,5.100097990022098848e-01
6.116116116116115720e+00,5.221137197650504991e-01
6.126126126126125726e+00,-5.021728994259231804e+00
6.136136136136135732e+00,1.044924093674464594e+00
6.146146146146145739e+00,5.299585819320774549e-01
6.156156156156155745e+00,4.961055511679623442e-01
6.166166166166165752e+00,1.286005912527233619e+00
6.176176176176175758e+00,5.190504173506768071e-01
6.186186186186185765e+00,5.355133419503846914e-01
6.196196196196195771e+00,5.137670973860839485e-01
6.206206206206205778e+00,5.491955797043353016e-01
6.216216216216215784e+00,5.087438853136688754e-01
6.226226226226225791e+00,5.346716766506113272e-01
6.236236236236235797e+00,5.226167199789453210e-01
6.246246246246245803e+00,5.546603965242138390e-01
6.256256256256255810e+00,5.291957055720406533e-01
6.266266266266265816e+00,4.521570128513912934e+00
6.276276276276275823e+00,5.490297077938841586e-01
6.286286286286285829e+00,5.268068200412024948e-01
6.296296296296295836e+00,5.185493864763882632e-01
6.306306306306305842e+00,-8.890703554275725118e-01
6.316316316316315849e+00,5.253242516745135759e-01
6.326326326326325855e+00,5.451171184937031455e-01
6.336336336336335862e+00,5.189147120147742376e-01
6.346346346346345868e+00,5.187228031211835733e-01
6.356356356356355874e+00,5.728180975601814273e-01
6.366366366366365881e+00,5.220248906699590519e-01
6.376376376376375887e+00,5.272272330668723583e-01
6.386386386386385894e+00,5.059113625837313721e-01
6.396396396396395900e+00,5.738305671006878050e-01
6.406406406406405907e+00,5.503420465823730678e-01
6.416416416416416801e+00,5.482868416960473557e-01
6.426426426426426808e+00,5.641811940769480005e-01
6.436436436436436814e+00,5.192368761533784349e-01
6.446446446446446821e+00,5.361458553163002128e-01
6.456456456456456827e+00,5.462792183830880166e-01
6.466466466466466834e+00,5.182777295796434647e-01
6.476476476476476840e+00,5.766128631292715134e-01
6.486486486486486847e+00,5.511508989127460456e-01
6.496496496496496853e+00,5.461868526916627831e-01
6.506506506506506859e+00,5.585082637688331131e-01
6.516516516516516866e+00,5.398612167818601648e-01
6.526526526526526872e+00,5.569422078314976154e-01
6.536536536536536879e+00,6.257157776377033631e-01
6.546546546546546885e+00,5.703816767561983303e-01
6.556556556556556892e+00,5.927752541594325519e-01
6.566566566566566898e+00,5.534263315407285111e-01
6.576576576576576905e+00,5.466135362589492619e-01
6.586586586586586911e+00,5.689538678055057197e-01
6.596596596596596918e+00,5.370385318222247184e-01
6.606606606606606924e+00,5.188442615970754179e-01
6.616616616616616930e+00,5.807240015860790638e-01
6.626626626626626937e+00,5.800255941459714348e-01
6.636636636636636943e+00,5.849804774357919568e-01
6.646646646646646950e+00,5.699694110192954355e-01
6.656656656656656956e+00,1.142562306358008595e+00
6.666666666666666963e+00,5.698583745304527381e-01
6.676676676676676969e+00,5.616220012075381351e-01
6.686686686686686976e+00,5.136656054563092377e-01
6.696696696696696982e+00,5.739444689010104739e-01
6.706706706706706989e+00,5.926154679957338356e-01
6.716716716716716995e+00,5.772031786221543115e-01
6.726726726726727001e+00,6.006363447821772006e-01
6.736736736736737008e+00,6.251333987091556299e-01
6.746746746746747014e+00,5.768505431152937124e-01
6.756756756756757021e+00,6.060222937357139239e-01
6.766766766766767027e+00,5.507577464128947664e-01
6.776776776776777034e+00,6.041766522325108246e-01
6.786786786786787040e+00,5.858934455780105965e-01
6.796796796796797047e+00,-1.919074680699379254e+00
6.806806806806807053e+00,5.834960569430002186e-01
6.816816816816817060e+00,-3.715443671139579518e+00
6.826826826826827066e+00,5.827199116699985915e-01
6.836836836836837072e+00,5.939322139928703281e-01
6.846846846846847079e+00,5.875335705750046600e-01
6.856856856856857085e+00,5.689620929830496721e-01
6.866866866866867092e+00,6.014754169888878454e-01
6.876876876876877098e+00,5.820312409251432451e-01
6.886886886886887105e+00,-4.657463575555395252e+00
6.896896896896897111e+00,5.956141608022531564e-01
6.906906906906907118e+00,5.998790121257195906e-01
6.916916916916917124e+00,5.573995784945826593e-01
6.926926926926927131e+00,5.742941453431880117e-01
6.936936936936937137e+00,6.192614110381580161e-01
6.946946946946947143e+00,5.868320046859992756e-01
6.956956956956957150e+00,5.918966394999638503e-01
6.966966966966967156e+00,5.980214808959356532e-01
6.976976976976977163e+00,6.318878503953584413e-01
6.986986986986987169e+00,6.131263041718983953e-01
6.996996996996997176e+00,6.328772059787084459e-01
7.007007007007007182e+00,6.023431483074677129e-01
7.017017017017017189e+00,6.129856371612800725e-01
7.027027027027027195e+00,5.856790643112209649e-01
7.037037037037037202e+00,6.343241901786211834e-01
7.047047047047047208e+00,6.139539687453673400e-01
7.057057057057057214e+00,6.136788295914743507e-01
7.067067067067067221e+00,6.205756016973423828e-01
7.077077077077077227e+00,6.437559726417385608e-01
7.087087087087087234e+00,6.115388628324867071e-01
7.097097097097097240e+00,6.500959680550888464e-01
7.107107107107107247e+00,6.008089478740151756e-01
7.117117117117117253e+00,6.272850856886846849e-01
7.127127127127127260e+00,6.600255386010482894e-01
7.137137137137137266e+00,6.110424230527676803e-01
7.147147147147147273e+00,6.267391580656239691e-01
7.157157157157157279e+00,6.403772351521932471e-01
7.167167167167167285e+00,-1.962169278609926071e+00
7.177177177177177292e+00,-1.200537097299027689e+00
7.187187187187187298e+00,6.046738084319465134e-01
7.197197197197197305e+00,6.383957841269640721e-01
7.207207207207207311e+00,6.455893278011706204e-01
7.217217217217217318e+00,6.444297659867915806e-01
7.227227227227227324e+00,6.526446828519342214e-01
7.237237237237237331e+00,6.321308716456355281e-01
7.247247247247247337e+00,6.358286947496986086e-01
7.257257257257257343e+00,6.022572566703904284e-01
7.267267267267267350e+00,6.399495388836046184e-01
7.277277277277277356e+00,6.468226334149858037e-01
7.287287287287287363e+00,6.238685741488563252e-01
7.297297297297297369e+00,6.493743372954896564e-01
7.307307307307307376e+00,5.435361599502833485e+00
7.317317317317317382e+00,6.534324505734125932e-01
7.327327327327327389e+00,2.978747654282347668e+00
7.337337337337337395e+00,6.825296261343072324e-01
7.347347347347347402e+00,6.695292213855632557e-01
7.357357357357357408e+00,6.723548728023203136e-01
7.367367367367367414e+00,6.595086587988476801e-01
7.377377377377377421e+00,6.570361731030103236e-01
7.387387387387387427e+00,6.214120676431772461e-01
7.397397397397397434e+00,6.392813866604452055e-01
7.407407407407407440e+00,6.834539828570427300e-01
7.417417417417417447e+00,6.187300037321740165e-01
7.427427427427427453e+00,6.397792101909957063e-01
7.437437437437437460e+00,6.213293907959276385e-01
7.447447447447447466e+00,6.796600019838746620e-01
7.457457457457457473e+00,-1.555468180754442820e+00
7.467467467467467479e+00,6.833784285647614976e-01
7.477477477477477485e+00,6.451323664429625682e-01
7.487487487487487492e+00,6.442425031899757792e-01
7.497497497497497498e+00,6.808109068511469797e-01
7.507507507507507505e+00,6.749297820726258834e-01
7.517517517517517511e+00,6.027380084167629493e-01
7.527527527527527518e+00,6.669945364208439420e-01
7.537537537537537524e+00,6.708807995558881965e-01
7.547547547547547531e+00,6.639769736940757117e-01
7.557557557557557537e+00,6.475286761715458583e-01
7.567567567567567544e+00,6.621486307634635304e-01
7.577577577577577550e+00,6.545154786836931970e-01
7.587587587587587556e+00,6.675970324514841625e-01
7.597597597597597563e+00,6.602141637517043860e-01
7.607607607607607569e+00,6.527125728117509906e-01
7.617617617617617576e+00,3.435173587349401814e+00
7.627627627627627582e+00,-4.703246855671159743e+00
7.637637637637637589e+00,6.735841372487425538e-01
7.647647647647647595e+00,6.576106613512857635e-01
7.657657657657657602e+00,6.762856708150692953e-01
7.667667667667667608e+00,6.918311073269521883e-01
7.677677677677677615e+00,7.032155960786349302e-01
7.687687687687687621e+00,6.963283980489106684e-01
7.697697697697697627e+00,-5.742781248580649311e+00
7.707707707707707634e+00,6.537272595825737165e-01
7.717717717717717640e+00,6.474612384389486497e-01
7.727727727727727647e+00,6.715847870907649675e-01
7.737737737737737653e+00,6.483063960210193599e-01
7.747747747747747660e+00,6.616496355342729174e-01
7.757757757757757666e+00,6.747956769324630066e-01
7.767767767767767673e+00,6.693642582208595426e-01
7.777777777777777679e+00,6.733379961364041044e-01
7.787787787787787686e+00,6.541816985603026158e-01
7.797797797797797692e+00,6.862140996354935130e-01
7.807807807807807698e+00,7.023554345322594594e-01
7.817817817817817705e+00,6.723005652077533867e-01
7.827827827827827711e+00,6.986139907198769539e-01
7.837837837837837718e+00,7.381865118365880107e-01
7.847847847847847724e+00,6.839263713683078061e-01
7.857857857857857731e+00,6.996149234454730470e-01
7.867867867867867737e+00,6.913517695297307641e-01
7.877877877877877744e+00,7.076319960944617016e-01
7.887887887887887750e+00,-1.266364062170902116e+01
7.897897897897897757e+00,6.687392065703849919e-01
7.907907907907907763e+00,6.935632795328930955e-01
7.917917917917917769e+00,7.092464054870368795e-01
7.927927927927927776e+00,6.949282782141790182e-01
7.937937937937937782e+00,6.598344627367155324e-01
7.947947947947947789e+00,6.774592749930100632e-01
7.957957957957957795e+00,6.788405098191910847e-01
7.967967967967967802e+00,7.033150377741093084e-01
7.977977977977977808e+00,6.810924576003960507e-01
7.987987987987987815e+00,6.835126000060580687e-01
7.997997997997997821e+00,7.196166624780587773e-01
8.008008008008008716e+00,7.254184650146999758e-01
8.018018018018018722e+00,6.912345277426341639e-01
8.028028028028028729e+00,7.087834136463749823e-01
8.038038038038038735e+00,6.634384686955413502e-01
8.048048048048048742e+00,-3.249750823908506447e+00
8.058058058058058748e+00,7.264256034713651999e-01
8.068068068068068754e+00,7.139367821737343522e-01
8.078078078078078761e+00,7.061949031669416676e-01
8.088088088088088767e+00,6.971707937528871524e-01
8.098098098098098774e+00,6.927752046928592478e-01
8.108108108108108780e+00,7.028942096265965445e-01
8.118118118118118787e+00,6.762092647337882845e-01
8.128128128128128793e+00,7.402069099687766940e-01
8.138138138138138800e+00,7.200389953404419119e-01
8.148148148148148806e+00,4.726399004109718582e+00
8.158158158158158813e+00,6.978650033043984902e-01
8.168168168168168819e+00,7.096035626907206684e-01
8.178178178178178825e+00,7.277129037660268196e-01
8.188188188188188832e+00,7.327300021710915212e-01
8.198198198198198838e+00,-8.832571501762164212e-01
8.208208208208208845e+00,-7.000347841885360411e-01
8.218218218218218851e+00,7.562820600535455906e-01
8.228228228228228858e+00,7.381828763282832773e-01
8.238238238238238864e+00,7.303523462192983429e-01
8.248248248248248871e+00,-1.274562757496625398e+00
8.258258258258258877e+00,7.361163043219230984e-01
8.268268268268268884e+00,6.928942480230847467e-01
8.278278278278278890e+00,-8.524591419493750877e+00
8.288288288288288896e+00,7.190815529317462484e-01
8.298298298298298903e+00,7.363292914023712443e-01
8.308308308308308909e+00,7.341488227939607647e-01
8.318318318318318916e+00,7.193027930142671389e-01
8.328328328328328922e+00,7.191339620852067460e-01
8.338338338338338929e+00,7.477773599573236396e-01
8.348348348348348935e+00,7.445773791530768682e-01
8.358358358358358942e+00,6.893018645595677674e-01
8.368368368368368948e+00,6.915947460622657861e-01
8.378378378378378954e+00,7.072121361604760681e-01
8.388388388388388961e+00,7.089566382544940648e-01
8.398398398398398967e+00,7.051453322741967344e-01
8.408408408408408974e+00,7.336436679082652956e-01
8.418418418418418980e+00,2.249513571738040785e+00
8.428428428428428987e+00,7.536870473594394770e-01
8.438438438438438993e+00,-4.665386765926480273e-01
8.448448448448449000e+00,7.303431486901643677e-01
8.458458458458459006e+00,7.652580260060100059e-01
8.468468468468469013e+00,7.327424842925855941e-01
8.478478478478479019e+00,7.242289896021015805e-01
8.488488488488489025e+00,7.348843910809219615e-01
8.498498498498499032e+00,7.531470153191517358e-01
8.508508508508509038e+00,7.026189959467105117e-01
8.518518518518519045e+00,7.313918861208570377e-01
8.528528528528529051e+00,7.421648958807700591e-01
8.538538538538539058e+00,7.441286349291496016e-01
8.548548548548549064e+00,7.301456184403170013e-01
8.558558558558559071e+00,7.479347044612634221e-01
8.568568568568569077e+00,7.446433027702042962e-01
8.578578578578579084e+00,7.276018213228403475e-01
8.588588588588589090e+00,7.837082976027867076e-01
8.598598598598599096e+00,7.495008946944771155e-01
8.608608608608609103e+00,7.347170091010063464e-01
8.618618618618619109e+00,7.305342968041942386e-01
8.628628628628629116e+00,7.631820688993472546e-01
8.638638638638639122e+00,7.452575069568789790e-01
8.648648648648649129e+00,7.947981890760721368e-01
8.658658658658659135e+00,7.357342758667785310e-01
8.668668668668669142e+00,7.202146378184669517e-01
8.678678678678679148e+00,7.451240165571151319e-01
8.688688688688689155e+00,7.497877307655136381e-01
8.698698698698699161e+00,7.045229472789421576e-01
8.708708708708709167e+00,7.413113464095907323e-01
8.718718718718719174e+00,7.407263387470925942e-01
8.728728728728729180e+00,7.413164776853549132e-01
8.738738738738739187e+00,-4.324225557173508427e+00
8.748748748748749193e+00,7.230135922832120476e-01
8.758758758758759200e+00,7.656267896599030509e-01
8.768768768768769206e+00,7.393749503663437084e-01
8.778778778778779213e+00,7.311606257217201366e-01
8.788788788788789219e+00,7.370160016218392229e-01
8.798798798798799226e+00,7.433453948476882456e-01
8.808808808808809232e+00,7.555391110235781804e-01
8.818818818818819238e+00,7.673043891269489825e-01
8.828828828828829245e+00,7.354425880502429846e-01
8.838838838838839251e+00,7.454859221624774435e-01
8.848848848848849258e+00,7.287245268954182231e-01
8.858858858858859264e+00,6.883486079110461286e-01
8.868868868868869271e+00,7.598675234366009112e-01
8.878878878878879277e+00,7.877058586658143291e-01
8.888888888888889284e+00,7.682986990557776341e-01
8.898898898898899290e+00,7.482641784407925156e-01
8.908908908908909297e+00,7.608803976107955114e-01
8.918918918918919303e+00,7.359969392672135458e-01
8.928928928928929309e+00,-1.251601677006858981e+00
8.938938938938939316e+00,7.520154601119880544e-01
8.948948948948949322e+00,7.440491292918541832e-01
8.958958958958959329e+00,7.697472994276659541e-01
8.968968968968969335e+00,8.141595068450162564e-01
8.978978978978979342e+00,7.959961259238459430e-01
8.988988988988989348e+00,7.617677067978252392e-01
8.998998998998999355e+00,7.814105466138234757e-01
9.009009009009009361e+00,7.814985390321670389e-01
9.019019019019019368e+00,8.978030374571643879e-01
9.029029029029029374e+00,7.781458797469363864e-01
9.039039039039039380e+00,7.369552187173974422e-01
9.049049049049049387e+00,2.870726867246417235e+00
9.059059059059059393e+00,7.715557380650224228e-01
9.069069069069069400e+00,7.589832762553395673e-01
9.079079079079079406e+00,8.029039712990977407e-01
9.089089089089089413e+00,7.812275917873924280e-01
9.099099099099099419e+00,7.611154166790714548e-01
9.109109109109109426e+00,7.598309878162532449e-01
9.119119119119119432e+00,7.734653998058403923e-01
9.129129129129129439e+00,7.490957656307778434e-01
9.139139139139139445e+00,7.825960280378094769e-01
9.149149149149149451e+00,3.686397058039080354e-01
9.159159159159159458e+00,7.840897518514027276e-01
9.169169169169169464e+00,7.688060058749667247e-01
9.179179179179179471e+00,7.808554996458663133e-01
9.189189189189189477e+00,7.527738113169858414e-01
9.199199199199199484e+00,7.783845018537897120e-01
9.209209209209209490e+00,8.221879833526619663e-01
9.219219219219219497e+00,7.652498827743767773e-01
9.229229229229229503e+00,7.811923583860338471e-01
9.239239239239239510e+00,8.054027931442080401e-01
9.249249249249249516e+00,7.909695751838617950e-01
9.259259259259259522e+00,7.848141808245622242e-01
9.269269269269269529e+00,7.563406008082744769e-01
9.279279279279279535e+00,7.514974657315979245e-01
9.289289289289289542e+00,7.785496562467836279e-01
9.299299299299299548e+00,7.686449874493921364e-01
9.309309309309309555e+00,7.779541557949185560e-01
9.319319319319319561e+00,1.156923622854921518e+01
9.329329329329329568e+00,-5.827387643821510643e+00
9.339339339339339574e+00,7.894756926694773691e-01
9.349349349349349581e+00,8.171780001616705258e-01
9.359359359359359587e+00,7.602301968294878920e-01
9.369369369369369593e+00,7.714331210369373970e-01
9.379379379379379600e+00,7.802357535986190751e-01
9.389389389389389606e+00,-8.558710280701401274e+00
9.399399399399399613e+00,7.582988066344019673e-01
9.409409409409409619e+00,7.611180368303989141e-01
9.419419419419419626e+00,7.395391997845830456e-01
9.429429429429429632e+00,-5.330926522684285906e+00
9.439439439439439639e+00,7.971887660305325696e-01
9.449449449449449645e+00,8.052723453565511225e-01
9.459459459459459651e+00,7.914897755638941046e-01
9.469469469469469658e+00,7.727032600529203377e-01
9.479479479479479664e+00,7.992243708029265203e-01
9.489489489489489671e+00,7.895506862535723869e-01
9.499499499499499677e+00,7.474164108328464895e-01
9.509509509509509684e+00,7.616316624160966997e-01
9.519519519519519690e+00,8.167907247401863247e-01
9.529529529529529697e+00,7.933541985938147301e-01
9.539539539539539703e+00,7.597677016068673517e-01
9.549549549549549710e+00,8.040129535353518486e-01
9.559559559559559716e+00,8.091896975256405167e-01
9.569569569569569722e+00,7.796042250566872500e-01
9.579579579579579729e+00,8.017992506435404065e-01
9.589589589589589735e+00,7.141810901715124338e-01
9.599599599599599742e+00,8.087889195794442099e-01
9.609609609609609748e+00,8.131515541703516758e-01
9.619619619619619755e+00,7.674822319800241877e-01
9.629629629629629761e+00,7.959426068671334731e-01
9.639639639639639768e+00,7.838598686418840611e-01
9.649649649649649774e+00,7.888898338993721726e-01
9.659659659659659781e+00,7.827577173786486320e-01
9.669669669669669787e+00,7.649210737812547345e-01
9.679679679679679793e+00,8.296834634704415290e-01
9.689689689689689800e+00,7.859743234913344478e-01
9.699699699699699806e+00,-9.714666235376155257e+00
9.709709709709709813e+00,7.725930467217603237e-01
9.719719719719719819e+00,7.723390725343586283e-01
9.729729729729729826e+00,8.016204675926593692e-01
9.739739739739739832e+00,8.041851458508234574e-01
9.749749749749749839e+00,8.115013093265769362e-01
9.759759759759759845e+00,8.163005397263277674e-01
9.769769769769769852e+00,7.902998499505440311e-01
9.779779779779779858e+00,7.858955832113628803e-01
9.789789789789789864e+00,8.099882628194243761e-01
9.799799799799799871e+00,7.825722369948071577e-01
9.809809809809809877e+00,8.130219143964551032e-01
9.819819819819819884e+00,8.033391574320855044e-01
9.829829829829829890e+00,8.192087666560365911e-01
9.839839839839839897e+00,8.097718323567438814e-01
9.849849849849849903e+00,7.755275123207674426e-01
9.859859859859859910e+00,7.795528510493257013e-01
9.869869869869869916e+00,8.117609850227518464e-01
9.879879879879879923e+00,8.354948065022504977e-01
9.889889889889889929e+00,7.711365168250708946e-01
9.899899899899899935e+00,-3.763434551478709089e+00
9.909909909909909942e+00,8.036942971697997873e-01
9.919919919919919948e+00,1.219069279678205664e+00
9.929929929929929955e+00,8.080779064183486460e-01
9.939939939939939961e+00,7.968751934332041209e-01
9.949949949949949968e+00,7.570253644221155431e-01
9.959959959959959974e+00,-2.680009454790196477e-01
9.969969969969969981e+00,7.821199260206815884e-01
9.979979979979979987e+00,7.739427241092970977e-01
9.989989989989989994e+00,8.082009296411308830e-01
1.000000000000000000e+01,8.111497359180980249e-01
